股票代码,股票简称,最新价,最新涨跌幅,个股热度[20250801],个股热度排名[20250801],market_code,code
600326.SH,西藏天路,19.15,6.923506421,100155.5,1,17,600326
002837.SZ,英维克,40.21,10.013679891,79093.0,2,33,002837
601606.SH,长城军工,34.68,9.990485252,77184.0,3,17,601606
002757.SZ,南兴股份,21.78,10,65871.0,4,33,002757
600749.SH,西藏旅游,28.2,9.984399376,62945.0,5,17,600749
603280.SH,南方路机,54.86,10.006015641,54337.0,6,17,603280
301171.SZ,易点天下,33.54,20,53170.5,7,33,301171
000558.SZ,天府文旅,6.7,1.669195751,51537.0,8,33,000558
600110.SH,诺德股份,6.26,10.017574692,50681.0,9,17,600110
002570.SZ,贝因美,7.65,3.51826793,49988.0,10,33,002570
002097.SZ,山河智能,13.25,-3.495994173,49572.5,11,33,002097
002272.SZ,川润股份,12.12,9.98185118,45449.0,12,33,002272
600010.SH,包钢股份,2.69,-7.876712329,41875.5,13,17,600010
000813.SZ,德展健康,4.85,9.977324263,41618.0,14,33,000813
601138.SH,工业富联,34.61,6.035539216,41516.5,15,17,601138
601360.SH,三六零,11.3,6.203007519,38837.0,16,17,601360
600117.SH,西宁特钢,4.46,6.19047619,37731.5,17,17,600117
001318.SZ,阳光乳业,18.14,10.006064281,37284.0,18,33,001318
600579.SH,中化装备,11.13,9.980237154,36868.5,19,17,600579
000034.SZ,神州数码,41.4,7.25388601,34290.5,20,33,000034
002173.SZ,创新医疗,15.34,7.724719101,33603.5,21,33,002173
300009.SZ,安科生物,12.11,20.019821606,33600.0,22,33,300009
600588.SH,用友网络,15.84,8.049113233,32559.5,23,17,600588
002287.SZ,奇正藏药,31.54,10.0104639,32458.0,24,33,002287
002261.SZ,拓维信息,32.45,3.311047437,32193.0,25,33,002261
001221.SZ,悍高集团,60.19,-24.7625,32020.5,26,33,001221
002131.SZ,利欧股份,3.83,3.513513514,31147.5,27,33,002131
002370.SZ,亚太药业,6.73,-6.136680614,29563.0,28,33,002370
600410.SH,华胜天成,10.92,5.202312139,29293.0,29,17,600410
600684.SH,珠江股份,5.42,9.939148073,29086.5,30,17,600684
000811.SZ,冰轮环境,12.76,10,29036.0,31,33,000811
600111.SH,北方稀土,37.5,-5.279110887,28742.0,32,17,600111
002940.SZ,昂利康,57.2,10,28439.5,33,33,002940
300436.SZ,广生堂,114.5,18.041237113,27803.5,34,33,300436
603839.SH,安正时尚,9.44,10.023310023,27532.5,35,17,603839
603229.SH,奥翔药业,11.61,10.047393365,27509.0,36,17,603229
002104.SZ,恒宝股份,19.91,0.708143652,26816.0,37,33,002104
601669.SH,中国电建,6.83,0.441176471,26311.5,38,17,601669
603063.SH,禾望电气,37.9,10.014513788,26094.5,39,17,603063
601162.SH,天风证券,5.32,2.702702703,25675.5,40,17,601162
300528.SZ,幸福蓝海,23.22,-8.293838863,25263.0,41,33,300528
603616.SH,韩建河山,7.7,4.47761194,25066.5,42,17,603616
300852.SZ,四会富仕,32.64,-1.981981982,24793.0,43,33,300852
002017.SZ,东信和平,24.85,1.88601886,24727.5,44,33,002017
839680.BJ,*ST广道,12.24,29.936305732,24446.0,45,151,839680
002644.SZ,佛慈制药,10.58,-10.034013605,24212.5,46,33,002644
603367.SH,辰欣药业,30.01,5.224403927,24168.5,47,17,603367
002265.SZ,建设工业,39.17,0.92759598,24101.0,48,33,002265
301357.SZ,北方长龙,102.95,17.215074576,23931.0,49,33,301357
600774.SH,汉商集团,11.33,10,23633.5,50,17,600774
300579.SZ,数字认证,36.6,20,23535.5,51,33,300579
688110.SH,东芯股份,64.76,19.992588475,23460.5,52,17,688110
688189.SH,南新制药,17.14,20.028011204,23390.5,53,17,688189
300289.SZ,利德曼,7.04,19.931856899,23245.0,54,33,300289
301489.SZ,思泉新材,103.66,20.004630702,22510.5,55,33,301489
002424.SZ,贵州百灵,5.94,10,22197.5,56,33,002424
300624.SZ,万兴科技,80.71,2.03539823,22162.5,57,33,300624
600501.SH,航天晨光,23.77,9.995372513,21641.5,58,17,600501
603256.SH,宏和科技,23.54,10,21351.5,59,17,603256
002594.SZ,比亚迪,105.24,-3.183072677,21009.0,60,33,002594
603516.SH,淳中科技,60.48,10.003637686,20754.0,61,17,603516
600629.SH,华建集团,12.45,8.166811468,20219.5,62,17,600629
600828.SH,茂业商业,4.66,9.905660377,20144.5,63,17,600828
688585.SH,上纬新材,92.07,0,20108.5,64,17,688585
603273.SH,天元智能,21.09,10.015649452,19858.5,65,17,603273
001331.SZ,胜通能源,12.72,10.034602076,19845.5,66,33,001331
001267.SZ,汇绿生态,14.39,10.01529052,19811.0,67,33,001267
000977.SZ,浪潮信息,55.77,1.43688614,19526.5,68,33,000977
300527.SZ,中船应急,,,19073.5,69,33,300527
600895.SH,张江高科,32.2,-5.266254781,19030.5,70,17,600895
600967.SH,内蒙一机,21.29,2.999516207,18974.5,71,17,600967
002799.SZ,环球印务,9.24,10,18560.0,72,33,002799
600977.SH,中国电影,13.28,-9.966101695,18266.0,73,17,600977
603757.SH,大元泵业,26.13,10.021052632,18238.0,74,17,603757
603083.SH,剑桥科技,54.28,9.989868288,18114.0,75,17,603083
603259.SH,药明康德,96.27,-2.610015175,18069.5,76,17,603259
300204.SZ,舒泰神,51.99,10.546459707,18037.5,77,33,300204
600900.SH,长江电力,27.84,-2.996515679,17973.0,78,17,600900
002793.SZ,罗欣药业,6.5,6.03588907,17922.0,79,33,002793
600392.SH,盛和资源,21.76,-1.538461538,17503.0,80,17,600392
002775.SZ,文科股份,4.4,10,17432.0,81,33,002775
300502.SZ,新易盛,189.21,-0.598896769,17393.5,82,33,300502
600435.SH,北方导航,17.88,2.817711328,17390.5,83,17,600435
300308.SZ,中际旭创,217.61,3.328584995,17282.5,84,33,300308
300322.SZ,硕贝德,19.93,4.564533054,17034.5,85,33,300322
300733.SZ,西菱动力,20.71,19.988412514,16862.0,86,33,300733
002490.SZ,山东墨龙,6.36,3.752039152,16740.5,87,33,002490
300158.SZ,振东制药,8.62,16.644113667,16706.5,88,33,300158
002195.SZ,岩山科技,5.74,1.234567901,16585.0,89,33,002195
002401.SZ,中远海科,22.68,3.044070877,16565.0,90,33,002401
002564.SZ,天沃科技,8.72,5.314009662,16429.0,91,33,002564
002037.SZ,保利联合,13.75,-10.013089005,16339.0,92,33,002037
000889.SZ,中嘉博创,3.85,10,16332.5,93,33,000889
002706.SZ,良信股份,9.64,10.0456621,16176.5,94,33,002706
000796.SZ,凯撒旅业,5.34,-5.985915493,16151.0,95,33,000796
003023.SZ,彩虹集团,25.35,-10.010649627,16045.5,96,33,003023
301041.SZ,金百泽,26.18,-1.837270341,15844.0,97,33,301041
600184.SH,光电股份,20.95,6.561546287,15604.5,98,17,600184
300732.SZ,设研院,11.46,7.90960452,15589.0,99,33,300732
300966.SZ,共同药业,24.61,19.990248659,15540.0,100,33,300966
000657.SZ,中钨高新,16.11,-5.789473684,15284.5,101,33,000657
301316.SZ,慧博云通,47.15,13.314107186,15185.0,102,33,301316
002436.SZ,兴森科技,18.96,1.990317375,15081.0,103,33,002436
600619.SH,海立股份,15.51,-3.183520599,14845.5,104,17,600619
000681.SZ,视觉中国,21.54,4.461687682,14826.5,105,33,000681
002362.SZ,汉王科技,25.94,4.977741805,14647.0,106,33,002362
001216.SZ,华瓷股份,16.77,-9.98389694,14639.0,107,33,001216
603716.SH,塞力医疗,30.02,-2.816445452,14422.0,108,17,603716
300476.SZ,胜宏科技,192.08,0.005206435,13880.5,109,33,300476
000158.SZ,常山北明,23.19,1.266375546,13418.0,110,33,000158
301507.SZ,民生健康,15.85,1.277955272,13416.5,111,33,301507
300115.SZ,长盈精密,22.72,8.864398658,13000.0,112,33,300115
002317.SZ,众生药业,20.04,2.980472765,12862.0,113,33,002317
920005.BJ,鼎佳精密,64.63,479.121863799,12789.0,114,151,920005
300750.SZ,宁德时代,264.62,-4.500342849,12659.0,115,33,300750
300058.SZ,蓝色光标,6.95,4.197901049,12547.0,116,33,300058
600666.SH,奥瑞德,3.8,4.683195592,12483.0,117,17,600666
601696.SH,中银证券,15.24,-5.400372439,12382.0,118,17,601696
603124.SH,江南新材,55.29,10.007958615,12290.0,119,17,603124
300378.SZ,鼎捷数智,52.55,6.982899023,12249.5,120,33,300378
600276.SH,恒瑞医药,62.9,-1.08507627,12225.5,121,17,600276
600570.SH,恒生电子,36.2,-2.162162162,12207.5,122,17,600570
688256.SH,寒武纪,709.5,3.622024244,12099.5,123,17,688256
003007.SZ,直真科技,37.59,3.014524527,12056.5,124,33,003007
300199.SZ,翰宇药业,20.43,7.019381875,11713.0,125,33,300199
002463.SZ,沪电股份,56.27,3.285609398,11419.0,126,33,002463
002161.SZ,远望谷,8.26,4.424778761,11364.5,127,33,002161
605277.SH,新亚电子,29,-3.333333333,11269.0,128,17,605277
603300.SH,海南华铁,11.15,-0.35746202,10836.5,129,17,603300
000785.SZ,居然智家,2.98,-5.993690852,10821.5,130,33,000785
002497.SZ,雅化集团,13.93,-4.849726776,10817.0,131,33,002497
300229.SZ,拓尔思,24.63,3.270440252,10780.0,132,33,300229
601869.SH,长飞光纤,50.85,4.586589881,10599.0,133,17,601869
002685.SZ,华东重机,7.7,5.335157319,10454.0,134,33,002685
002384.SZ,东山精密,58.49,3.13877623,10381.5,135,33,002384
003005.SZ,竞业达,24.36,4.058094831,10316.5,136,33,003005
002156.SZ,通富微电,28.12,0.860832138,10199.5,137,33,002156
301038.SZ,深水规院,30.6,-10,10081.5,139,33,301038
600581.SH,八一钢铁,4.26,-4.910714286,10081.5,138,17,600581
601595.SH,上海电影,37.72,4.661487236,10060.5,140,17,601595
603176.SH,汇通集团,6.64,-10.027100271,10023.5,141,17,603176
605268.SH,王力安防,11.55,-1.70212766,10022.5,142,17,605268
002230.SZ,科大讯飞,48.78,0.764304896,9958.0,143,33,002230
300781.SZ,因赛集团,47.49,3.689956332,9876.5,144,33,300781
301200.SZ,大族数控,77.5,9.757824671,9875.5,145,33,301200
600651.SH,飞乐音响,5.7,0,9827.0,146,17,600651
002475.SZ,立讯精密,36.63,-2.941176471,9822.5,147,33,002475
000409.SZ,云鼎科技,12.36,2.914238135,9768.0,148,33,000409
000710.SZ,贝瑞基因,14.64,4.946236559,9763.0,149,33,000710
603173.SH,福斯达,45.39,10.009694619,9689.5,150,17,603173
300021.SZ,大禹节水,6.32,1.771336554,9670.5,151,33,300021
600601.SH,方正科技,6.1,0.993377483,9644.5,152,17,600601
600200.SH,*ST苏吴,1.31,4.8,9616.5,153,22,600200
002437.SZ,誉衡药业,3.71,2.486187845,9607.5,154,33,002437
300249.SZ,依米康,15.52,6.593406593,9522.5,155,33,300249
600930.SH,华电新能,6.51,-2.69058296,9495.5,156,17,600930
300418.SZ,昆仑万维,35.9,3.012912482,9457.0,157,33,300418
601929.SH,吉视传媒,1.94,-9.345794393,9257.0,158,17,601929
300261.SZ,雅本化学,8.81,12.086513995,9214.5,159,33,300261
605389.SH,长龄液压,48.99,9.991019308,9128.5,160,17,605389
002229.SZ,鸿博股份,18.91,0.638637573,9105.5,161,33,002229
300059.SZ,东方财富,23.23,-2.435951281,9079.0,162,33,300059
603059.SH,倍加洁,30.71,9.992836676,9077.5,163,17,603059
600513.SH,联环药业,17.64,-3.501094092,9074.5,164,17,600513
300254.SZ,仟源医药,13.6,7.086614173,9017.0,165,33,300254
002364.SZ,中恒电气,17.04,4.861538462,8995.0,166,33,002364
300830.SZ,金现代,10.96,7.240704501,8948.5,167,33,300830
002905.SZ,金逸影视,11.05,5.038022814,8887.5,168,33,002905
601727.SH,上海电气,7.78,-2.75,8845.0,169,17,601727
002965.SZ,祥鑫科技,41.04,5.230769231,8835.0,170,33,002965
603019.SH,中科曙光,68.96,-0.144801622,8828.0,171,17,603019
300539.SZ,横河精密,27.94,-2.033660589,8821.0,172,33,300539
002639.SZ,雪人集团,11.04,0.546448087,8777.5,173,33,002639
002281.SZ,光迅科技,51.95,0.483558994,8770.0,174,33,002281
000066.SZ,中国长城,15.08,0.533333333,8764.0,175,33,000066
002851.SZ,麦格米特,59.38,4.615926709,8732.5,176,33,002851
002298.SZ,中电鑫龙,7.47,1.494565217,8730.5,177,33,002298
001226.SZ,拓山重工,40,-9.970740491,8727.0,178,33,001226
002827.SZ,高争民爆,50.32,-4.352784642,8693.0,179,33,002827
300251.SZ,光线传媒,19.8,-3.649635036,8675.0,180,33,300251
601398.SH,工商银行,7.56,0.934579439,8571.0,181,17,601398
002178.SZ,延华智能,7.39,-0.135135135,8551.5,182,33,002178
600775.SH,南京熊猫,10.8,1.313320826,8503.5,183,17,600775
002406.SZ,远东传动,8.3,4.402515723,8290.5,184,33,002406
600519.SH,贵州茅台,1421.67,-1.915912352,8289.0,185,17,600519
301235.SZ,华康洁净,35.2,6.056040976,8285.5,186,33,301235
603669.SH,灵康药业,6.27,-10.043041607,8284.0,187,17,603669
600557.SH,康缘药业,17.66,6.066066066,8256.0,188,17,600557
300706.SZ,阿石创,36.85,-4.533678756,8173.5,189,33,300706
000070.SZ,特发信息,7.88,4.370860927,8171.5,190,33,000070
300683.SZ,海特生物,56.33,8.368603309,8163.0,191,33,300683
300394.SZ,天孚通信,105.63,3.874520602,8124.5,192,33,300394
002291.SZ,遥望科技,6.83,2.245508982,8064.5,193,33,002291
300149.SZ,睿智医药,14.24,3.563636364,8050.5,194,33,300149
000625.SZ,长安汽车,12.86,-2.723146747,8045.0,195,33,000625
600760.SH,中航沈飞,64.72,0.590612372,7987.5,196,17,600760
002907.SZ,华森制药,18.85,3.457738749,7984.5,197,33,002907
600438.SH,通威股份,20.43,-6.498855835,7973.0,198,17,600438
603127.SH,昭衍新药,31.91,-4.518252543,7944.0,199,17,603127
002611.SZ,东方精工,14.1,-1.878914405,7916.5,200,33,002611
002645.SZ,华宏科技,14.28,-0.418410042,7890.5,201,33,002645
000679.SZ,大连友谊,11.26,-0.265721878,7882.0,202,33,000679
603976.SH,正川股份,23.82,6.624888093,7868.0,203,17,603976
300267.SZ,尔康制药,4.69,4.921700224,7791.5,204,33,300267
600589.SH,大位科技,8.2,1.359703337,7787.5,205,17,600589
002400.SZ,省广集团,7.88,0.896286812,7744.5,206,33,002400
002878.SZ,元隆雅图,19.65,1.550387597,7703.0,207,33,002878
600698.SH,湖南天雁,10.48,-3.587856486,7690.5,208,17,600698
300547.SZ,川环科技,34.66,8.211052139,7532.5,209,33,300547
000938.SZ,紫光股份,24.73,-0.080808081,7514.0,210,33,000938
600288.SH,大恒科技,12.84,1.421800948,7506.5,211,17,600288
002536.SZ,飞龙股份,17.12,5.548705302,7482.0,212,33,002536
600839.SH,四川长虹,9.86,0.203252033,7455.5,213,17,600839
000880.SZ,潍柴重机,43.57,0.949953661,7454.5,214,33,000880
301511.SZ,德福科技,35.93,1.497175141,7450.5,215,33,301511
002297.SZ,博云新材,8.97,-7.142857143,7444.0,216,33,002297
301217.SZ,铜冠铜箔,26.02,-2.070003764,7419.0,217,33,301217
603456.SH,九洲药业,18.98,0.264131009,7385.0,218,17,603456
002896.SZ,中大力德,79.77,0.301772916,7341.5,219,33,002896
300785.SZ,值得买,36.33,7.041838539,7333.5,220,33,300785
002420.SZ,毅昌科技,6.57,4.451510334,7309.0,221,33,002420
002640.SZ,跨境通,5.28,-2.941176471,7239.0,222,33,002640
300474.SZ,景嘉微,79.6,3.028734144,7234.0,223,33,300474
601127.SH,赛力斯,126.91,-1.436781609,7214.5,224,17,601127
600183.SH,生益科技,42.92,3.796856106,7201.0,225,17,600183
600744.SH,华银电力,6.88,-1.432664756,7199.0,226,17,600744
600610.SH,中毅达,12.5,-2.037617555,7178.5,227,17,600610
601208.SH,东材科技,17.53,-3.787047201,7156.5,228,17,601208
002130.SZ,沃尔核材,23.39,0.429368828,7152.0,229,33,002130
601888.SH,中国中免,64.96,-1.991550996,7103.0,230,17,601888
002335.SZ,科华数据,42.25,2.548543689,7028.5,231,33,002335
600580.SH,卧龙电驱,22.83,-0.739130435,6923.5,232,17,600580
300006.SZ,莱美药业,5.68,5.772811918,6906.5,233,33,300006
601868.SH,中国能建,2.59,-0.766283525,6896.5,234,17,601868
300753.SZ,爱朋医疗,31.39,7.279562543,6895.5,235,33,300753
002697.SZ,红旗连锁,6.1,-1.612903226,6869.5,236,33,002697
603228.SH,景旺电子,66.56,0.543806647,6787.0,237,17,603228
300499.SZ,高澜股份,20.13,5.835962145,6783.5,238,33,300499
002653.SZ,海思科,55.79,7.082533589,6697.0,239,33,002653
601933.SH,永辉超市,4.73,-3.073770492,6693.5,240,17,601933
603496.SH,恒为科技,28.16,-2.93002413,6685.5,241,17,603496
600498.SH,烽火通信,22.46,2.74473925,6666.0,242,17,600498
000333.SZ,美的集团,70.19,-2.662598807,6658.0,243,33,000333
002599.SZ,盛通股份,9.45,4.189636163,6653.5,244,33,002599
000063.SZ,中兴通讯,34.29,-0.895953757,6610.0,245,33,000063
601003.SH,柳钢股份,6.34,-1.705426357,6596.0,246,17,601003
002466.SZ,天齐锂业,38.23,-4.137412237,6590.0,247,33,002466
301150.SZ,中一科技,28.56,11.693390692,6583.5,248,33,301150
688660.SH,电气风电,14.06,-16.607354686,6555.0,249,17,688660
603598.SH,引力传媒,18.91,1.995685005,6550.0,250,17,603598
601288.SH,农业银行,6.3,1.123595506,6515.0,251,17,601288
002843.SZ,泰嘉股份,23.35,4.194556002,6472.0,252,33,002843
000858.SZ,五粮液,121.15,-2.706392547,6453.5,253,33,000858
300086.SZ,康芝药业,8.39,-1.061320755,6449.0,254,33,300086
002549.SZ,凯美特气,11.79,-4.301948052,6446.0,255,33,002549
603811.SH,诚意药业,12.7,5.045492142,6430.5,256,17,603811
002938.SZ,鹏鼎控股,53,-2.033271719,6399.0,258,33,002938
600196.SH,复星医药,27.59,-2.749383151,6399.0,257,17,600196
300486.SZ,东杰智能,11.8,6.787330317,6379.0,259,33,300486
300731.SZ,科创新源,33.35,12.821380244,6354.0,260,33,300731
300170.SZ,汉得信息,18.88,1.778975741,6312.0,261,33,300170
002883.SZ,中设股份,12.68,-4.301886792,6303.0,262,33,002883
002428.SZ,云南锗业,22.43,-6.541666667,6294.0,263,33,002428
301338.SZ,凯格精机,51.8,10.447761194,6289.0,264,33,301338
300122.SZ,智飞生物,24.09,-2.430133657,6278.0,265,33,300122
600351.SH,亚宝药业,7.5,4.311543811,6267.5,266,17,600351
000627.SZ,*ST天茂,1.53,4.794520548,6248.5,267,33,000627
300468.SZ,四方精创,40,-2.152641879,6246.0,268,33,300468
301078.SZ,孩子王,13.41,-4.690831557,6239.5,269,33,301078
002512.SZ,达华智能,3.94,-8.796296296,6229.5,270,33,002512
002657.SZ,中科金财,29.6,-2.567478604,6213.5,271,33,002657
002651.SZ,利君股份,12.24,1.240694789,6168.0,272,33,002651
002271.SZ,东方雨虹,12.03,-3.836930456,6161.5,273,33,002271
002251.SZ,步步高,5.07,-4.69924812,6153.5,274,33,002251
603583.SH,捷昌驱动,37.7,6.95035461,6131.0,275,17,603583
601899.SH,紫金矿业,19.15,-3.380423814,6125.5,276,17,601899
600202.SH,哈空调,5.97,4.553415061,6107.5,277,17,600202
300581.SZ,晨曦航空,22.64,2.582691436,6104.5,278,33,300581
002278.SZ,神开股份,9.79,-3.260869565,6085.0,279,33,002278
600203.SH,福日电子,10.61,-0.562324274,6083.0,280,17,600203
002413.SZ,雷科防务,5.96,1.88034188,6065.0,281,33,002413
000617.SZ,中油资本,8.66,-3.670745273,6061.0,282,33,000617
002456.SZ,欧菲光,11.27,-1.226993865,6058.0,283,33,002456
002815.SZ,崇达技术,13.27,0.53030303,6055.0,284,33,002815
600826.SH,兰生股份,10.85,-2.864816473,6050.5,285,17,600826
300735.SZ,光弘科技,27.55,4.395604396,6027.0,286,33,300735
688313.SH,仕佳光子,54.1,-12.459546926,6019.0,287,17,688313
600584.SH,长电科技,35.07,-1.322453573,6009.0,288,17,600584
002414.SZ,高德红外,11.74,2.35396687,5991.0,289,33,002414
002315.SZ,焦点科技,53.62,5.096040768,5979.5,290,33,002315
603912.SH,佳力图,9.33,2.640264026,5970.0,291,17,603912
300885.SZ,海昌新材,23.12,-0.985010707,5961.0,292,33,300885
002852.SZ,道道全,12.13,-0.164609053,5955.5,293,33,002852
603986.SH,兆易创新,121.13,-2.306637632,5936.0,294,17,603986
000802.SZ,北京文化,5.64,-7.692307692,5924.5,295,33,000802
002241.SZ,歌尔股份,23.02,-1.371036847,5899.5,297,33,002241
601012.SH,隆基绿能,15.76,-3.785103785,5899.5,296,17,601012
600186.SH,莲花控股,6.18,1.812191104,5871.5,298,17,600186
300657.SZ,弘信电子,29.61,3.422982885,5869.5,299,33,300657
600875.SH,东方电气,20.2,-0.737100737,5864.0,300,17,600875
300641.SZ,正丹股份,23.65,-1.907922024,5816.5,301,33,300641
002975.SZ,博杰股份,39.63,-0.751314801,5811.0,302,33,002975
600309.SH,万华化学,62.31,-2.396616541,5810.0,303,17,600309
002471.SZ,中超控股,4.52,0.892857143,5806.5,304,33,002471
600537.SH,亿晶光电,3.7,-6.329113924,5804.0,305,17,600537
002250.SZ,联化科技,10.35,-2.72556391,5803.5,306,33,002250
000519.SZ,中兵红箭,21.77,-0.684306569,5784.0,307,33,000519
300033.SZ,同花顺,283.6,-3.132151518,5783.0,308,33,300033
605099.SH,共创草坪,39.44,1.7019082,5780.0,309,17,605099
002366.SZ,融发核电,7.77,-0.892857143,5726.5,310,33,002366
002916.SZ,深南电路,142.1,0.794438928,5726.0,311,33,002916
002181.SZ,粤传媒,7.3,-3.5667107,5712.0,312,33,002181
601318.SH,中国平安,58.69,-3.327293691,5667.0,313,17,601318
603039.SH,泛微网络,67.99,4.793464858,5666.0,314,17,603039
002343.SZ,慈文传媒,8.33,-2.913752914,5632.0,315,33,002343
002065.SZ,东华软件,9.27,-1.172707889,5609.5,316,33,002065
300591.SZ,万里马,11.94,0.929839391,5565.5,317,33,300591
002811.SZ,郑中设计,10.6,4.023552502,5564.5,319,33,002811
600143.SH,金发科技,12.63,-2.771362587,5564.5,318,17,600143
002365.SZ,永安药业,19.59,-2.58577822,5553.0,320,33,002365
002693.SZ,*ST双成,8.3,4.402515723,5529.0,321,33,002693
600211.SH,西藏药业,42.58,2.924824752,5515.0,322,17,600211
002320.SZ,海峡股份,8.13,-6.120092379,5419.5,323,33,002320
688981.SH,中芯国际,89.5,-0.951748561,5399.5,324,17,688981
300723.SZ,一品红,77.56,5.42340628,5377.0,325,33,300723
301678.SZ,新恒汇,67.02,3.107692308,5376.5,326,33,301678
002176.SZ,江特电机,7.56,-3.448275862,5357.5,327,33,002176
300010.SZ,豆神教育,8.89,3.492433062,5317.0,328,33,300010
002121.SZ,科陆电子,6.16,1.482701812,5298.0,329,33,002121
600126.SH,杭钢股份,8.96,0,5292.0,330,17,600126
600062.SH,华润双鹤,21.17,-0.235626767,5278.5,331,17,600062
003040.SZ,楚天龙,22.79,-1.341991342,5267.0,332,33,003040
000010.SZ,美丽生态,3.51,3.846153846,5263.5,334,33,000010
002342.SZ,巨力索具,7.11,-3.133514986,5263.5,333,33,002342
600730.SH,中国高科,8.38,0.23923445,5262.5,335,17,600730
002579.SZ,中京电子,12.21,-0.97323601,5249.5,336,33,002579
300017.SZ,网宿科技,10.93,2.054154995,5245.0,337,33,300017
300454.SZ,深信服,108,6.751013146,5235.5,338,33,300454
600602.SH,云赛智联,22.19,0.452693526,5221.0,339,17,600602
300045.SZ,华力创通,20.97,1.648085313,5215.0,340,33,300045
605136.SH,丽人丽妆,10.04,2.448979592,5212.5,341,17,605136
605138.SH,盛泰集团,7.67,-2.168367347,5203.0,342,17,605138
001979.SZ,招商蛇口,8.7,-5.639913232,5200.5,343,33,001979
002550.SZ,千红制药,11.17,0.994575045,5193.0,344,33,002550
002277.SZ,友阿股份,6.19,2.145214521,5156.5,345,33,002277
605198.SH,安德利,51.81,8.981909971,5147.0,346,17,605198
600682.SH,南京新百,7.48,0.537634409,5140.0,347,17,600682
002203.SZ,海亮股份,10.96,7.03125,5137.0,348,33,002203
300869.SZ,康泰医学,20.7,1.07421875,5135.5,349,33,300869
002205.SZ,国统股份,13.62,-5.416666667,5131.0,350,33,002205
601718.SH,际华集团,4.05,-2.409638554,5102.0,351,17,601718
301018.SZ,申菱环境,46.52,7.685185185,5066.0,352,33,301018
002600.SZ,领益智造,9.01,0.334075724,5054.5,353,33,002600
603518.SH,锦泓集团,9.96,3.319502075,5050.5,354,17,603518
002583.SZ,海能达,11.71,-1.181434599,5046.5,355,33,002583
603601.SH,再升科技,5.09,3.66598778,5037.0,356,17,603601
002264.SZ,新华都,6.85,3.945371775,5034.0,357,33,002264
301389.SZ,隆扬电子,38.46,9.106382979,5021.0,358,33,301389
002774.SZ,快意电梯,10.61,0.759734093,5015.0,359,33,002774
000801.SZ,四川九洲,16.41,0.73664825,5003.5,360,33,000801
603799.SH,华友钴业,44.18,-3.537117904,4996.0,361,17,603799
603200.SH,上海洗霸,62.31,3.179334327,4985.0,362,17,603200
600171.SH,上海贝岭,34.17,-2.2597254,4965.5,363,17,600171
601919.SH,中远海控,15.64,-2.127659574,4958.5,364,17,601919
001367.SZ,海森药业,26.55,3.7109375,4952.0,365,33,001367
002123.SZ,梦网科技,14.35,0.631136045,4949.5,366,33,002123
000953.SZ,河化股份,,,4941.5,367,33,000953
002402.SZ,和而泰,24.34,-1.616814875,4931.5,368,33,002402
603881.SH,数据港,26.4,1.343570058,4930.0,369,17,603881
001234.SZ,泰慕士,23.18,-9.805447471,4920.5,370,33,001234
002151.SZ,北斗星通,30.15,-3.98089172,4913.0,371,33,002151
601886.SH,江河集团,7.86,4.939919893,4897.5,372,17,601886
600030.SH,中信证券,29.02,-2.552048355,4883.5,373,17,600030
002049.SZ,紫光国微,69.54,-2.849958089,4868.0,374,33,002049
000680.SZ,山推股份,9.95,-2.450980392,4860.5,375,33,000680
600302.SH,标准股份,6.97,-0.853485064,4859.0,376,17,600302
002008.SZ,大族激光,26.97,1.735194266,4835.0,377,33,002008
600835.SH,上海机电,25.38,-2.384615385,4820.0,378,17,600835
300759.SZ,康龙化成,31.1,-3.356121815,4814.0,379,33,300759
600343.SH,航天动力,14.92,0.947225981,4803.5,380,17,600343
300745.SZ,欣锐科技,19.31,-1.025115325,4801.5,381,33,300745
600733.SH,北汽蓝谷,8.12,-0.245700246,4792.5,382,17,600733
002371.SZ,北方华创,335.2,-4.009163803,4783.5,383,33,002371
002453.SZ,华软科技,5.97,-4.019292605,4772.0,384,33,002453
002354.SZ,天娱数科,6.57,-0.454545455,4768.0,385,33,002354
300339.SZ,润和软件,53.08,0.018843037,4765.0,386,33,300339
603486.SH,科沃斯,79.61,1.647088866,4727.5,387,17,603486
600048.SH,保利发展,7.98,-4.086538462,4721.0,388,17,600048
605178.SH,时空科技,22.67,-8.882636656,4715.0,389,17,605178
603214.SH,爱婴室,20.27,-6.244218316,4710.0,390,17,603214
603501.SH,豪威集团,121.28,-2.138303881,4709.5,391,17,603501
300274.SZ,阳光电源,72,-3.472315324,4705.0,392,33,300274
600567.SH,山鹰国际,1.89,-1.5625,4704.0,393,17,600567
688158.SH,优刻得,26.37,6.287787183,4699.0,394,17,688158
300875.SZ,捷强装备,46.01,5.0456621,4676.0,395,33,300875
600221.SH,海航控股,1.48,-3.896103896,4669.5,396,17,600221
601089.SH,福元医药,24.13,0.793650794,4660.5,397,17,601089
000002.SZ,万科A,6.44,-3.880597015,4654.5,398,33,000002
002415.SZ,海康威视,28.1,-1.368901369,4651.0,399,33,002415
600113.SH,浙江东日,28.94,5.312954876,4648.5,400,17,600113
003010.SZ,若羽臣,51.45,4.044489383,4637.5,401,33,003010
300253.SZ,卫宁健康,10.87,0.741427247,4634.0,402,33,300253
002734.SZ,利民股份,19.94,-0.548628429,4605.0,403,33,002734
002542.SZ,中化岩土,3.91,-1.012658228,4588.5,404,33,002542
002735.SZ,王子新材,15.01,0.535833891,4585.5,405,33,002735
600150.SH,中国船舶,34.33,-1.40723722,4573.5,406,17,600150
603590.SH,康辰药业,65,2.201257862,4562.0,407,17,603590
000831.SZ,中国稀土,42.36,-2.620689655,4553.0,408,33,000831
600391.SH,航发科技,31.48,-2.417854929,4551.0,409,17,600391
002190.SZ,成飞集成,34.6,-0.574712644,4534.5,410,33,002190
688668.SH,鼎通科技,95.9,10.242556616,4532.5,411,17,688668
603193.SH,润本股份,31.89,-4.349130174,4526.5,412,17,603193
002074.SZ,国轩高科,29.23,-1.216627239,4525.0,413,33,002074
002240.SZ,盛新锂能,15.52,-4.8436542,4503.5,414,33,002240
600031.SH,三一重工,19.94,-1.335972291,4482.0,415,17,600031
300395.SZ,菲利华,84.4,5.473631592,4480.0,417,33,300395
688041.SH,海光信息,139.2,-0.88999644,4480.0,416,17,688041
603767.SH,中马传动,18.1,-5.630865485,4476.5,418,17,603767
600418.SH,江淮汽车,49.5,-0.781719784,4468.0,419,17,600418
002094.SZ,青岛金王,8.73,-0.342465753,4465.0,420,33,002094
300588.SZ,熙菱信息,19.55,3.658536585,4463.0,421,33,300588
603683.SH,晶华新材,21.46,7.192807193,4451.5,422,17,603683
002185.SZ,华天科技,10.02,-0.792079208,4413.0,423,33,002185
002714.SZ,牧原股份,46.36,-1.925111064,4408.5,424,33,002714
688111.SH,金山办公,313.5,2.911728983,4407.5,425,17,688111
600801.SH,华新水泥,15.39,-3.024574669,4407.0,426,17,600801
300725.SZ,药石科技,49.26,-0.081135903,4393.0,427,33,300725
301293.SZ,三博脑科,50.08,3.578076525,4385.5,429,33,301293
836942.BJ,恒立钻具,57.9,-11.386593205,4385.5,428,151,836942
300324.SZ,旋极信息,4.82,2.771855011,4374.5,430,33,300324
300459.SZ,汤姆猫,5.66,-1.906412478,4370.5,431,33,300459
600585.SH,海螺水泥,23.55,-2.8064383,4368.5,432,17,600585
601567.SH,三星医疗,22.49,4.313543599,4360.5,433,17,601567
600192.SH,长城电工,9.89,0.712830957,4343.0,434,17,600192
603528.SH,多伦科技,8.62,-0.231481481,4339.5,435,17,603528
002553.SZ,南方精工,24.24,-2.767749699,4335.0,436,33,002553
002050.SZ,三花智控,26.45,-0.638617581,4320.0,437,33,002050
300255.SZ,常山药业,42.3,3.170731707,4319.0,438,33,300255
300364.SZ,中文在线,26.78,-0.446096654,4305.5,439,33,300364
832662.BJ,方盛股份,30.97,15.130111524,4291.0,440,151,832662
002439.SZ,启明星辰,15.94,0.125628141,4279.5,441,33,002439
300803.SZ,指南针,88.77,-3.500380476,4271.0,442,33,300803
000528.SZ,柳工,10.7,-2.903811252,4268.0,443,33,000528
603918.SH,金桥信息,21.69,2.747513027,4243.0,444,17,603918
002038.SZ,双鹭药业,8.44,1.320528211,4231.0,445,33,002038
605299.SH,舒华体育,10.38,-4.155124654,4216.0,446,17,605299
000651.SZ,格力电器,45.62,-1.617425059,4211.0,447,33,000651
300030.SZ,阳普医疗,8.52,4.283965728,4210.0,448,33,300030
002044.SZ,美年健康,5.11,1.388888889,4196.0,449,33,002044
600106.SH,重庆路桥,6.45,5.048859935,4186.5,450,17,600106
603266.SH,天龙股份,21.81,0.878815911,4184.0,451,17,603266
300188.SZ,国投智能,16.84,-5.126760563,4183.0,452,33,300188
002361.SZ,神剑股份,6.71,-1.323529412,4175.0,453,33,002361
002165.SZ,红宝丽,8.93,-2.617230098,4172.5,454,33,002165
002838.SZ,道恩股份,24.59,2.117940199,4162.0,455,33,002838
301330.SZ,熵基科技,29.21,3.802416489,4149.5,456,33,301330
000988.SZ,华工科技,50.56,0.556881464,4141.5,457,33,000988
600528.SH,中铁工业,9.08,-2.365591398,4137.5,458,17,600528
300724.SZ,捷佳伟创,55.16,-2.972735268,4132.5,459,33,300724
300877.SZ,金春股份,30.32,-0.91503268,4124.5,460,33,300877
301096.SZ,百诚医药,58.45,7.090509344,4118.5,461,33,301096
300871.SZ,回盛生物,23.54,5.940594059,4115.0,463,33,300871
601519.SH,大智慧,13.17,-3.445747801,4115.0,462,17,601519
300773.SZ,拉卡拉,26.89,-1.932895697,4111.5,464,33,300773
001288.SZ,运机集团,21.62,5.669599218,4091.5,465,33,001288
300063.SZ,天龙集团,8.66,1.168224299,4074.5,466,33,300063
000903.SZ,ST云动,3.05,-0.326797386,4071.0,467,33,000903
600539.SH,狮头股份,13.73,5.210727969,4069.0,468,17,600539
600521.SH,华海药业,22.28,-1.936619718,4050.0,469,17,600521
002276.SZ,万马股份,14.26,-1.519337017,4049.5,470,33,002276
600129.SH,太极集团,24.19,0.74968763,4037.5,471,17,600129
000678.SZ,襄阳轴承,15.54,-0.384615385,4036.0,472,33,000678
600255.SH,鑫科材料,3.63,0.276243094,4022.5,473,17,600255
002721.SZ,金一文化,3.69,-0.806451613,4003.5,474,33,002721
002771.SZ,真视通,17.49,1.156737999,3994.0,475,33,002771
002457.SZ,青龙管业,12.37,-4.331013148,3984.5,476,33,002457
000665.SZ,湖北广电,5.45,-0.909090909,3982.0,477,33,000665
601086.SH,国芳集团,10.63,-4.147880974,3981.5,478,17,601086
600536.SH,中国软件,47.35,0.530785563,3965.5,479,17,600536
600699.SH,均胜电子,18.33,2.230897936,3956.0,480,17,600699
002987.SZ,京北方,20.67,-1.242236025,3955.0,481,33,002987
300846.SZ,首都在线,20.76,1.764705882,3951.0,482,33,300846
002755.SZ,奥赛康,27.45,1.25414976,3928.0,483,33,002755
002648.SZ,卫星化学,19.52,-1.31445905,3926.0,484,33,002648
600797.SH,浙大网新,9.39,0.106609808,3920.5,485,17,600797
002602.SZ,ST华通,12.71,-0.31372549,3918.5,486,33,002602
600353.SH,旭光电子,12.61,-0.316205534,3917.0,488,17,600353
603119.SH,浙江荣泰,56.29,2.925580545,3917.0,487,17,603119
002915.SZ,中欣氟材,19.75,-1.002506266,3909.0,489,33,002915
688507.SH,索辰科技,94.84,10.626385163,3890.5,490,17,688507
300264.SZ,佳创视讯,6.86,6.853582555,3887.0,491,33,300264
601515.SH,东峰集团,4.14,5.34351145,3878.5,492,17,601515
002279.SZ,久其软件,7.02,0.573065903,3877.5,493,33,002279
002352.SZ,顺丰控股,46,-3.523489933,3872.0,494,33,002352
002030.SZ,达安基因,6.97,0.577200577,3869.5,495,33,002030
600206.SH,有研新材,18.77,-1.469816273,3859.0,496,17,600206
002555.SZ,三七互娱,16.61,-2.75175644,3855.5,497,33,002555
300718.SZ,长盛轴承,88.3,-2.560141249,3850.5,498,33,300718
603439.SH,贵州三力,13.49,1.504890895,3847.5,499,17,603439
300965.SZ,恒宇信通,66,-5.795032829,3838.5,500,33,300965
600745.SH,闻泰科技,36.96,-1.571238349,3824.5,501,17,600745
002675.SZ,东诚药业,16.9,-3.977272727,3822.5,502,33,002675
301326.SZ,捷邦科技,81.91,13.890433815,3818.0,503,33,301326
301205.SZ,联特科技,100.41,4.921630094,3815.5,504,33,301205
300677.SZ,英科医疗,34.35,1.148409894,3793.5,505,33,300677
300600.SZ,国瑞科技,17,-5.712701054,3783.5,506,33,300600
300766.SZ,每日互动,35.93,1.239785855,3783.0,507,33,300766
002826.SZ,易明医药,21.7,0.742804085,3768.0,508,33,002826
002882.SZ,金龙羽,32.23,0.71875,3767.5,509,33,002882
688327.SH,云从科技,16.43,2.816020025,3748.0,510,17,688327
002821.SZ,凯莱英,114.24,0.236904449,3735.0,511,33,002821
002389.SZ,航天彩虹,25.37,-0.157418339,3730.0,512,33,002389
002465.SZ,海格通信,13.24,0.07558579,3726.0,513,33,002465
002268.SZ,电科网安,18.26,0.883977901,3719.0,514,33,002268
600460.SH,士兰微,25.59,-1.387283237,3700.0,515,17,600460
603612.SH,索通发展,22.73,-0.828970332,3688.0,516,17,603612
002887.SZ,绿茵生态,9,-6.928645295,3676.5,517,33,002887
300095.SZ,华伍股份,11.06,1.935483871,3675.5,518,33,300095
000798.SZ,中水渔业,8.33,-5.555555556,3660.0,519,33,000798
603226.SH,菲林格尔,18.52,-5.12295082,3659.0,520,17,603226
603262.SH,技源集团,30.06,-3.961661342,3648.0,521,17,603262
600178.SH,东安动力,13.97,-2.986111111,3633.5,522,17,600178
002796.SZ,世嘉科技,12.92,1.095461659,3632.0,523,33,002796
300570.SZ,太辰光,114.02,-3.626067112,3618.5,524,33,300570
688039.SH,当虹科技,45.83,4.159090909,3613.5,525,17,688039
000564.SZ,供销大集,2.31,-2.941176471,3611.5,527,33,000564
688297.SH,中无人机,59.75,1.997268692,3611.5,526,17,688297
001287.SZ,中电港,20.26,-0.977517107,3611.0,528,33,001287
002235.SZ,安妮股份,8.03,-1.351351351,3599.0,529,33,002235
000062.SZ,深圳华强,25.8,0.506427737,3587.0,530,33,000062
300182.SZ,捷成股份,5.74,0.701754386,3583.0,531,33,300182
601988.SH,中国银行,5.55,0.361663653,3573.0,532,17,601988
600036.SH,招商银行,44.48,0.135074291,3571.0,533,17,600036
600366.SH,宁波韵升,11.89,-2.380952381,3568.5,534,17,600366
301183.SZ,东田微,70.46,5.938956548,3565.5,535,33,301183
001696.SZ,宗申动力,23.39,0.214224507,3564.0,536,33,001696
000737.SZ,北方铜业,10.63,-3.539019964,3557.0,537,33,000737
002460.SZ,赣锋锂业,36,-3.640256959,3552.5,539,33,002460
600170.SH,上海建工,2.42,-2.024291498,3552.5,538,17,600170
300015.SZ,爱尔眼科,12.85,-2.3556231,3536.5,540,33,300015
603610.SH,麒盛科技,12.66,2.593192869,3530.0,541,17,603610
000565.SZ,渝三峡A,8.39,-4.114285714,3512.5,542,33,000565
601698.SH,中国卫通,20.08,-2.096538274,3512.0,543,17,601698
603042.SH,华脉科技,15.92,2.445302445,3508.5,544,17,603042
000628.SZ,高新发展,45.62,2.979683973,3504.5,546,33,000628
002484.SZ,江海股份,23.88,2.709677419,3504.5,545,33,002484
300705.SZ,九典制药,18.43,2.275249723,3502.0,547,33,300705
603005.SH,晶方科技,28.38,-1.286956522,3497.5,548,17,603005
300634.SZ,彩讯股份,28.5,3.036876356,3495.5,549,33,300634
300953.SZ,震裕科技,103.69,7.606890826,3491.0,550,33,300953
003036.SZ,泰坦股份,19.65,7.49452954,3489.0,551,33,003036
600860.SH,京城股份,12.69,2.5869038,3487.0,552,17,600860
002537.SZ,海联金汇,9.81,-1.407035176,3481.0,553,33,002537
000921.SZ,海信家电,25.69,-5.551470588,3472.5,554,33,000921
600105.SH,永鼎股份,9.05,-2.056277056,3472.0,555,17,600105
002080.SZ,中材科技,28.19,0,3470.0,556,33,002080
603409.SH,汇通控股,37.48,4.459308807,3466.0,557,17,603409
002263.SZ,大东南,3.48,-0.286532951,3462.0,558,33,002263
002900.SZ,哈三联,16.12,-0.982800983,3455.0,559,33,002900
688136.SH,科兴制药,53.25,13.153421164,3440.0,560,17,688136
600408.SH,安泰集团,2.32,-6.827309237,3437.5,561,17,600408
001339.SZ,智微智能,51.95,0.658787057,3419.5,562,33,001339
600829.SH,人民同泰,8.28,-5.58722919,3414.5,563,17,600829
002292.SZ,奥飞娱乐,9.64,-3.6,3410.5,564,33,002292
300519.SZ,新光药业,17.56,5.78313253,3402.5,565,33,300519
600887.SH,伊利股份,27.41,-1.68579627,3400.0,567,17,600887
601231.SH,环旭电子,15.93,1.271455817,3400.0,566,17,601231
603171.SH,税友股份,51.33,3.09299056,3396.0,568,17,603171
603893.SH,瑞芯微,162,-2.380235011,3395.5,569,17,603893
002923.SZ,润都股份,13.59,0.44345898,3393.5,570,33,002923
002067.SZ,景兴纸业,4.34,-3.340757238,3387.0,571,33,002067
002031.SZ,巨轮智能,7.89,-0.629722922,3359.0,572,33,002031
688629.SH,华丰科技,57.28,6.290591947,3354.0,573,17,688629
002266.SZ,浙富控股,3.63,-1.089918256,3352.0,575,33,002266
301126.SZ,达嘉维康,12.52,3.814262023,3352.0,574,33,301126
300921.SZ,南凌科技,25.85,-3.328347046,3335.0,576,33,300921
002015.SZ,协鑫能科,12.16,-1.138211382,3328.0,577,33,002015
001298.SZ,好上好,28.28,-1.325889742,3327.0,578,33,001298
002398.SZ,垒知集团,5.53,0.362976407,3326.0,579,33,002398
000815.SZ,美利云,13.15,1.387818042,3324.0,580,33,000815
002246.SZ,北化股份,16.93,-0.878220141,3317.0,581,33,002246
601890.SH,亚星锚链,10.4,-2.163687676,3311.5,582,17,601890
603993.SH,洛阳钼业,8.94,-4.282655246,3307.5,583,17,603993
603389.SH,*ST亚振,22.55,4.981378026,3300.5,584,22,603389
002558.SZ,巨人网络,23.74,-1.981833196,3295.0,585,33,002558
603686.SH,福龙马,15.82,-3.94656952,3285.5,586,17,603686
300164.SZ,通源石油,5.47,-5.526770294,3283.5,587,33,300164
603221.SH,爱丽家居,10.85,-4.067197171,3268.5,588,17,603221
002163.SZ,海南发展,10.16,-5.135387488,3264.0,589,33,002163
600809.SH,山西汾酒,179,-3.295515937,3262.5,590,17,600809
301236.SZ,软通动力,54.95,0.255427842,3248.5,591,33,301236
002212.SZ,天融信,8.04,-0.124223602,3247.5,592,33,002212
002652.SZ,扬子新材,3.82,-8.393285372,3244.5,593,33,002652
603538.SH,美诺华,25.95,-1.816118048,3243.5,594,17,603538
603023.SH,威帝股份,3.96,3.125,3240.5,595,17,603023
300071.SZ,福石控股,5.31,1.335877863,3237.5,596,33,300071
600028.SH,中国石化,6.01,0,3232.0,598,17,600028
600571.SH,信雅达,17.96,-1.696770662,3232.0,597,17,600571
002607.SZ,中公教育,2.96,-1.986754967,3227.0,599,33,002607
300639.SZ,凯普生物,6.8,3.975535168,3217.5,600,33,300639
605507.SH,国邦医药,23.25,-1.815878378,3215.0,601,17,605507
688020.SH,方邦股份,56.78,2.122302158,3209.0,602,17,688020
301372.SZ,科净源,30.4,2.322450353,3202.0,603,33,301372
000670.SZ,盈方微,7.45,-3.372243839,3196.5,604,33,000670
301555.SZ,惠柏新材,33.49,6.048131729,3189.5,605,33,301555
000032.SZ,深桑达A,22.52,1.258992806,3189.0,606,33,000032
600893.SH,航发动力,42.36,-0.282485876,3180.0,607,17,600893
002416.SZ,爱施德,12.52,0.16,3172.5,608,33,002416
002530.SZ,金财互联,10.11,0.797607178,3170.0,609,33,002530
300872.SZ,天阳科技,24.86,-1.971608833,3168.5,610,33,300872
000725.SZ,京东方A,4.04,-0.980392157,3166.5,611,33,000725
300548.SZ,长芯博创,86.28,-5.197231074,3164.5,612,33,300548
002908.SZ,德生科技,10.32,-4,3162.5,613,33,002908
601991.SH,大唐发电,3.4,-2.017291066,3162.0,614,17,601991
300065.SZ,海兰信,17.78,-3.000545554,3159.0,615,33,300065
301165.SZ,锐捷网络,63.41,2.406330749,3153.5,616,33,301165
300990.SZ,同飞股份,57.63,5.879110784,3147.0,617,33,300990
300738.SZ,奥飞数据,20.92,1.111648139,3132.0,618,33,300738
000701.SZ,厦门信达,6.25,-5.303030303,3131.5,619,33,000701
601939.SH,建设银行,9.41,0.965665236,3126.0,620,17,601939
000892.SZ,欢瑞世纪,4.75,-4.04040404,3120.5,621,33,000892
000676.SZ,智度股份,8.85,1.490825688,3116.5,622,33,000676
000417.SZ,合百集团,5.73,0.350262697,3104.0,623,33,000417
300047.SZ,天源迪科,16.2,0.746268657,3103.0,624,33,300047
300046.SZ,台基股份,42.25,0.261034646,3097.0,625,33,300046
300347.SZ,泰格医药,68.11,0.546206082,3092.5,626,33,300347
601699.SH,潞安环能,13.72,-4.854368932,3090.5,627,17,601699
002427.SZ,尤夫股份,7.58,-2.944942382,3089.5,628,33,002427
600104.SH,上汽集团,17.18,-1.603665521,3086.0,629,17,600104
600330.SH,天通股份,8.05,-0.739827374,3085.5,630,17,600330
002695.SZ,煌上煌,13.18,-6.325515281,3084.0,631,33,002695
600690.SH,海尔智家,24.84,-2.892885066,3076.5,632,17,600690
301277.SZ,新天地,16.34,4.076433121,3069.0,633,33,301277
301609.SZ,山大电力,48.09,-3.336683417,3067.5,634,33,301609
600259.SH,广晟有色,61.34,-0.936692506,3062.5,635,17,600259
002115.SZ,三维通信,8.49,0.592417062,3051.5,636,33,002115
002085.SZ,万丰奥威,16.5,-0.482509047,3048.0,637,33,002085
002783.SZ,凯龙股份,10.16,1.195219124,3047.5,639,33,002783
603980.SH,吉华集团,5.98,0.673400673,3047.5,638,17,603980
603920.SH,世运电路,34.09,-2.320916905,3043.5,640,17,603920
600250.SH,南京商旅,11.74,-4.397394137,3035.0,641,17,600250
002226.SZ,江南化工,6.09,-1.45631068,3032.5,642,33,002226
603773.SH,沃格光电,27.61,2.259259259,3030.5,643,17,603773
301382.SZ,蜂助手,33.9,2.571860817,3026.5,644,33,301382
002624.SZ,完美世界,14.55,-2.935290193,3024.0,645,33,002624
300106.SZ,西部牧业,11.9,-6.593406593,3014.0,646,33,300106
002167.SZ,东方锆业,12.35,-2.216943785,3004.0,647,33,002167
603567.SH,珍宝岛,13.02,4.076738609,3003.0,648,17,603567
302132.SZ,中航成飞,84.66,-0.388280974,2996.5,649,33,302132
603322.SH,超讯通信,38.46,2.696929239,2994.5,650,17,603322
300319.SZ,麦捷科技,11.45,3.153153153,2993.5,651,33,300319
000851.SZ,*ST高鸿,2.13,4.926108374,2992.5,652,33,000851
300189.SZ,神农种业,4.75,-3.846153846,2992.0,653,33,300189
600238.SH,*ST椰岛,7.59,4.979253112,2991.0,654,22,600238
000887.SZ,中鼎股份,17.59,0.975889782,2988.5,655,33,000887
300573.SZ,兴齐眼药,64.53,0.639426076,2986.5,656,33,300573
000712.SZ,锦龙股份,14.37,-1.169188446,2985.0,657,33,000712
600487.SH,亨通光电,15.93,-2.449479486,2978.5,658,17,600487
600518.SH,康美药业,2.07,-1.895734597,2976.5,659,17,600518
600436.SH,片仔癀,198.99,-1.68963984,2961.0,660,17,600436
300003.SZ,乐普医疗,15.56,0.842514582,2952.0,661,33,300003
002126.SZ,银轮股份,28.97,0.450762829,2949.5,662,33,002126
000153.SZ,丰原药业,7.17,-1.915184679,2945.0,664,33,000153
002459.SZ,晶澳科技,11.06,-4.819277108,2945.0,663,33,002459
002761.SZ,浙江建投,9.59,-1.33744856,2938.5,665,33,002761
603386.SH,骏亚科技,13.95,-4.452054795,2936.5,666,17,603386
003016.SZ,欣贺股份,7.74,-5.147058824,2936.0,667,33,003016
000981.SZ,山子高科,2.03,-0.975609756,2935.0,668,33,000981
002730.SZ,电光科技,17.27,-1.201372998,2934.0,669,33,002730
603011.SH,合锻智能,15.24,-3.605313093,2933.0,670,17,603011
002194.SZ,武汉凡谷,13.26,0.606980273,2931.5,671,33,002194
601008.SH,连云港,5.91,-3.273322422,2929.5,672,17,601008
600500.SH,中化国际,4.06,-3.102625298,2926.0,673,17,600500
000525.SZ,红太阳,7.21,0.698324022,2925.5,674,33,000525
600658.SH,电子城,4.95,1.642710472,2923.5,675,17,600658
600230.SH,沧州大化,14.43,-1.702997275,2920.0,676,17,600230
603520.SH,司太立,11.44,3.529411765,2919.5,677,17,603520
002468.SZ,申通快递,15.25,-3.967254408,2918.5,678,33,002468
002803.SZ,吉宏股份,16.85,1.506024096,2918.0,679,33,002803
601005.SH,重庆钢铁,1.55,-5.487804878,2913.0,680,17,601005
600089.SH,特变电工,13.51,-2.384393064,2912.0,681,17,600089
301393.SZ,昊帆生物,61.69,4.861465239,2911.0,682,33,301393
600941.SH,中国移动,108.56,-0.867500685,2905.0,683,17,600941
601399.SH,国机重装,3.33,-1.479289941,2902.5,684,17,601399
300171.SZ,东富龙,15.33,3.371544167,2891.0,685,33,300171
600021.SH,上海电力,9.47,-0.210748156,2890.0,686,17,600021
603806.SH,福斯特,14.63,-1.613987895,2885.0,687,17,603806
301052.SZ,果麦文化,54.41,5.140096618,2883.0,688,33,301052
300841.SZ,康华生物,77.47,5.76109215,2881.5,689,33,300841
000983.SZ,山西焦煤,7.05,-4.211956522,2879.5,690,33,000983
600522.SH,中天科技,13.85,-0.645624103,2879.0,691,17,600522
000514.SZ,渝开发,5.6,-2.43902439,2874.0,692,33,000514
000661.SZ,长春高新,105.52,-3.023619153,2867.5,693,33,000661
002207.SZ,准油股份,7.44,-5.34351145,2867.0,694,33,002207
603087.SH,甘李药业,57.9,-2.212464111,2864.0,695,17,603087
600884.SH,杉杉股份,10.05,-0.297619048,2859.0,696,17,600884
600789.SH,鲁抗医药,10.5,-0.849858357,2851.0,697,17,600789
603093.SH,南华期货,22.82,-0.868809731,2845.5,698,17,603093
002846.SZ,英联股份,16,1.716465353,2845.0,699,33,002846
688225.SH,亚信安全,20.8,7.883817427,2844.0,700,17,688225
600307.SH,酒钢宏兴,1.76,-6.878306878,2843.0,701,17,600307
300414.SZ,中光防雷,14.95,-3.361344538,2840.5,702,33,300414
600345.SH,长江通信,25.78,2.058590657,2833.0,703,17,600345
301005.SZ,超捷股份,44.14,2.294322132,2832.5,704,33,301005
600157.SH,永泰能源,1.43,-2.721088435,2829.5,705,17,600157
002312.SZ,川发龙蟒,11.19,-1.669595782,2829.0,706,33,002312
300987.SZ,川网传媒,21.99,-1.390134529,2820.5,707,33,300987
300807.SZ,天迈科技,45.51,6.780854059,2818.5,708,33,300807
300651.SZ,金陵体育,26.58,-4.422869471,2806.0,709,33,300651
600406.SH,国电南瑞,21.88,-0.545454545,2804.5,710,17,600406
300684.SZ,中石科技,30.01,0.502344273,2802.5,711,33,300684
600611.SH,大众交通,6.23,-1.579778831,2802.0,712,17,600611
300207.SZ,欣旺达,21.58,-2.264492754,2799.0,713,33,300207
300433.SZ,蓝思科技,22.81,0.131694469,2798.5,714,33,300433
300410.SZ,正业科技,8.5,-0.117508813,2797.5,715,33,300410
002174.SZ,游族网络,14.79,-2.11780278,2790.5,716,33,002174
300458.SZ,全志科技,39.89,-0.598056317,2788.5,717,33,300458
688343.SH,云天励飞,58.55,3.941061601,2787.5,718,17,688343
000100.SZ,TCL科技,4.4,-2.43902439,2776.0,719,33,000100
600515.SH,海南机场,3.93,-3.43980344,2773.5,720,17,600515
600338.SH,西藏珠峰,11.75,-3.212520593,2770.5,721,17,600338
000538.SZ,云南白药,56.08,-2.333681644,2768.0,722,33,000538
603288.SH,海天味业,38.35,-2.168367347,2763.0,723,17,603288
300085.SZ,银之杰,41.18,-1.647957965,2762.0,724,33,300085
002273.SZ,水晶光电,20.9,-1.135288553,2760.0,725,33,002273
002995.SZ,天地在线,19.95,1.681957187,2749.5,726,33,002995
002418.SZ,康盛股份,3.49,1.15942029,2746.5,727,33,002418
601088.SH,中国神华,38.16,-0.883116883,2744.5,728,17,601088
301568.SZ,思泰克,41.4,5.049479827,2740.0,729,33,301568
003002.SZ,壶化股份,26.2,-3.42793955,2737.0,730,33,003002
603296.SH,华勤技术,82.45,-2.713864307,2736.0,731,17,603296
601857.SH,中国石油,8.87,-0.112612613,2731.0,732,17,601857
300442.SZ,润泽科技,49.79,1.550071385,2730.5,733,33,300442
300077.SZ,国民技术,25.15,0.439297125,2729.5,734,33,300077
002565.SZ,顺灏股份,7.17,-0.692520776,2721.0,735,33,002565
002881.SZ,美格智能,44.38,0.634920635,2708.0,736,33,002881
000935.SZ,四川双马,19.55,0.565843621,2707.0,737,33,000935
002517.SZ,恺英网络,18.36,-3.266596417,2703.0,738,33,002517
688008.SH,澜起科技,85.02,-2.511179911,2701.0,739,17,688008
300748.SZ,金力永磁,27.36,0.109769484,2700.5,740,33,300748
300533.SZ,冰川网络,36.16,-4.842105263,2696.5,741,33,300533
000799.SZ,酒鬼酒,47.02,-2.790986148,2692.5,742,33,000799
601728.SH,中国电信,7.49,0,2687.5,743,17,601728
300014.SZ,亿纬锂能,44.28,-3.718199609,2687.0,744,33,300014
600678.SH,四川金顶,9.35,-1.888772298,2679.5,745,17,600678
300584.SZ,海辰药业,35.66,2.707373272,2675.0,746,33,300584
600216.SH,浙江医药,15.92,-2.985984156,2666.5,747,17,600216
002951.SZ,金时科技,16.1,0.562148657,2666.0,748,33,002951
601609.SH,金田股份,7.82,-1.635220126,2662.0,749,17,601609
600011.SH,华能国际,7.33,-3.805774278,2660.0,750,17,600011
000818.SZ,航锦科技,21.8,0.091827365,2659.0,751,33,000818
300016.SZ,北陆药业,9.51,0.422386484,2655.0,752,33,300016
300124.SZ,汇川技术,63.39,-1.200124688,2650.5,753,33,300124
603123.SH,翠微股份,12.7,-1.550387597,2650.0,754,17,603123
600415.SH,小商品城,21.3,-1.616628176,2646.0,755,17,600415
002153.SZ,石基信息,10.27,-0.77294686,2641.0,756,33,002153
300026.SZ,红日药业,4.28,0.234192037,2639.0,757,33,300026
002096.SZ,易普力,13.99,-2.779708131,2636.5,758,33,002096
600673.SH,东阳光,14.82,2.773925104,2634.5,759,17,600673
603406.SH,天富龙,,,2633.5,760,17,603406
605500.SH,森林包装,9.84,-1.303911735,2632.5,761,17,605500
000099.SZ,中信海直,22.17,0.135501355,2631.5,763,33,000099
600822.SH,上海物贸,12.11,-1.30399348,2631.5,762,17,600822
601020.SH,华钰矿业,19.42,-4.003954523,2629.0,764,17,601020
300293.SZ,蓝英装备,25.7,-4.602821084,2618.5,765,33,300293
000758.SZ,中色股份,5.9,-3.594771242,2618.0,766,33,000758
002670.SZ,国盛金控,15.28,-1.164294955,2605.0,767,33,002670
002777.SZ,久远银海,19.01,0.158061117,2602.0,768,33,002777
000568.SZ,泸州老窖,122.9,-3.296876229,2600.0,770,33,000568
002236.SZ,大华股份,16.26,-1.155015198,2600.0,769,33,002236
002380.SZ,科远智慧,25.8,1.57480315,2598.5,771,33,002380
601689.SH,拓普集团,46.04,-1.116838488,2586.5,772,17,601689
002093.SZ,国脉科技,12.1,-0.165016502,2585.5,773,33,002093
600268.SH,国电南自,9.3,0.107642626,2584.5,774,17,600268
002510.SZ,天汽模,6.46,-1.823708207,2584.0,775,33,002510
600481.SH,双良节能,5.57,-4.13080895,2583.0,776,17,600481
603325.SH,博隆技术,90.88,5.84672723,2572.0,777,17,603325
688425.SH,铁建重工,6.27,-3.686635945,2567.5,778,17,688425
688590.SH,新致软件,22.6,6.603773585,2565.5,779,17,688590
600416.SH,湘电股份,13.96,0.287356322,2565.0,780,17,600416
300363.SZ,博腾股份,23.79,-2.058460272,2558.0,781,33,300363
688696.SH,极米科技,113.86,9.776320864,2553.5,782,17,688696
002340.SZ,格林美,6.45,-2.861445783,2541.0,783,33,002340
600362.SH,江西铜业,22.48,-4.136460554,2538.0,784,17,600362
603819.SH,神力股份,12.47,-6.240601504,2537.0,785,17,603819
000157.SZ,中联重科,7.35,-2,2536.0,786,33,000157
300069.SZ,金利华电,22.18,3.210795719,2534.0,787,33,300069
001360.SZ,南矿集团,16.14,0.811992505,2532.5,788,33,001360
000989.SZ,九芝堂,11.42,0.263388938,2530.5,789,33,000989
300153.SZ,科泰电源,32.89,1.826625387,2528.5,790,33,300153
600855.SH,航天长峰,14.15,1.798561151,2521.5,791,17,600855
603333.SH,尚纬股份,8.26,0.97799511,2519.5,792,17,603333
603863.SH,松炀资源,16.48,2.935665209,2518.5,793,17,603863
600056.SH,中国医药,11.04,-2.127659574,2517.5,794,17,600056
002741.SZ,光华科技,19.8,0.609756098,2513.5,795,33,002741
603977.SH,国泰集团,12.93,1.811023622,2511.5,796,17,603977
002931.SZ,锋龙股份,16.68,-3.806228374,2506.0,798,33,002931
605117.SH,德业股份,51.1,-2.462301966,2506.0,797,17,605117
000901.SZ,航天科技,13.13,0.305576776,2496.0,799,33,000901
601908.SH,京运通,3.69,-2.380952381,2495.0,800,17,601908
600763.SH,通策医疗,46.04,-1.010535369,2480.0,801,17,600763
601600.SH,中国铝业,7.43,-3.880983182,2471.5,802,17,601600
002467.SZ,二六三,6,-0.166389351,2466.0,803,33,002467
600172.SH,黄河旋风,4.43,0.226244344,2452.5,804,17,600172
002213.SZ,大为股份,17.27,-3.357582541,2451.0,806,33,002213
300840.SZ,酷特智能,22,-1.433691756,2451.0,805,33,300840
600845.SH,宝信软件,24.74,-0.482703138,2450.5,807,17,600845
300456.SZ,赛微电子,18.66,-1.530343008,2447.5,808,33,300456
000759.SZ,中百集团,7.48,-1.708278581,2444.5,810,33,000759
600006.SH,东风股份,7.16,-1.917808219,2444.5,809,17,600006
301529.SZ,福赛科技,60.98,6.273963053,2444.0,811,33,301529
000795.SZ,英洛华,11.08,-2.55057168,2443.5,812,33,000795
600986.SH,浙文互联,8.57,-0.580046404,2440.0,813,17,600986
002709.SZ,天赐材料,18.89,-3.177857509,2437.0,815,33,002709
600594.SH,益佰制药,4.39,1.385681293,2437.0,814,17,600594
688322.SH,奥比中光,73.87,5.997991103,2436.0,816,17,688322
600759.SH,洲际油气,2.39,-2.845528455,2434.5,817,17,600759
002329.SZ,皇氏集团,3.8,-4.522613065,2433.5,818,33,002329
002313.SZ,日海智能,9.71,0.309917355,2432.0,819,33,002313
300496.SZ,中科创达,58.62,0.153767299,2422.5,820,33,300496
301312.SZ,智立方,44.3,3.21528425,2419.5,821,33,301312
001389.SZ,广合科技,67,-1.019352932,2418.0,823,33,001389
002410.SZ,广联达,13.07,-1.432880845,2418.0,822,33,002410
601985.SH,中国核电,9.19,-0.755939525,2406.5,824,17,601985
600552.SH,凯盛科技,11.96,1.098901099,2406.0,826,17,600552
603990.SH,麦迪科技,16,0.313479624,2406.0,825,17,603990
000762.SZ,西藏矿业,21.77,-2.289048474,2400.5,827,33,000762
000566.SZ,海南海药,6.42,-1.984732824,2400.0,828,33,000566
603895.SH,天永智能,28.48,4.821494295,2397.0,829,17,603895
601608.SH,中信重工,4.65,-2.31092437,2392.0,830,17,601608
003037.SZ,三和管桩,8.88,-1.661129568,2391.0,831,33,003037
300008.SZ,天海防务,6.93,-2.941176471,2389.5,832,33,300008
301091.SZ,深城交,30.42,1.739130435,2387.0,834,33,301091
600727.SH,鲁北化工,8.08,-2.767749699,2387.0,833,17,600727
600606.SH,绿地控股,1.93,-4.455445545,2384.5,835,17,600606
600644.SH,乐山电力,13.56,-3.556187767,2383.5,836,17,600644
002506.SZ,协鑫集成,2.57,-4.104477612,2381.5,837,33,002506
000790.SZ,华神科技,4.23,1.438848921,2380.0,838,33,000790
430017.BJ,星昊医药,25.28,8.034188034,2374.5,840,151,430017
600100.SH,同方股份,7.38,-1.072386059,2374.5,839,17,600100
300452.SZ,山河药辅,14.65,1.595006935,2374.0,841,33,300452
300368.SZ,汇金股份,11.01,-3.421052632,2369.0,842,33,300368
002636.SZ,金安国纪,11.99,-0.662800331,2368.0,843,33,002636
300233.SZ,金城医药,18.56,1.420765027,2365.5,845,33,300233
300348.SZ,长亮科技,16.98,-0.817757009,2365.5,844,33,300348
603530.SH,神马电力,28.39,-2.873759836,2359.5,846,17,603530
603238.SH,诺邦股份,17.09,-5.055555556,2355.5,847,17,603238
002189.SZ,中光学,25.96,-0.840336134,2355.0,848,33,002189
000561.SZ,烽火电子,9.9,-0.702106319,2354.0,849,33,000561
300814.SZ,中富电路,35.92,-5.42390732,2351.5,850,33,300814
605398.SH,新炬网络,29.98,1.938116287,2348.0,851,17,605398
603507.SH,振江股份,24.34,3.53041259,2342.0,852,17,603507
300767.SZ,震安科技,13.74,-9.486166008,2339.0,853,33,300767
600650.SH,锦江在线,16.5,-0.960384154,2337.5,854,17,600650
600598.SH,北大荒,14.94,-2.161100196,2332.0,856,17,600598
603106.SH,恒银科技,10.12,-3.619047619,2332.0,855,17,603106
300491.SZ,通合科技,20.05,3.886010363,2322.5,857,33,300491
600988.SH,赤峰黄金,22.89,-1.548387097,2322.0,858,17,600988
300142.SZ,沃森生物,12.56,-1.951600312,2321.0,859,33,300142
601319.SH,中国人保,8.18,-4.55075846,2319.5,860,17,601319
603030.SH,全筑股份,2.68,0,2318.0,861,17,603030
600550.SH,保变电气,8.67,-1.365187713,2306.5,862,17,600550
002716.SZ,湖南白银,4.47,-4.077253219,2302.0,863,33,002716
300007.SZ,汉威科技,43.27,-0.847846013,2301.0,864,33,300007
300353.SZ,东土科技,20.83,0.822846079,2300.0,865,33,300353
605122.SH,四方新材,14.11,-2.555248619,2297.0,866,17,605122
300672.SZ,国科微,83.84,2.669605682,2295.0,867,33,300672
002623.SZ,亚玛顿,21.27,-3.972911964,2289.5,868,33,002623
300722.SZ,新余国科,39.19,0.2814739,2287.5,869,33,300722
000530.SZ,冰山冷热,6.31,0.158730159,2281.5,870,33,000530
688278.SH,特宝生物,91.33,7.459701141,2277.5,871,17,688278
601211.SH,国泰海通,20.3,-2.684563758,2275.5,872,17,601211
601865.SH,福莱特,16.28,-5.40383498,2271.5,873,17,601865
605118.SH,力鼎光电,32.27,-5.088235294,2271.0,874,17,605118
603859.SH,能科科技,36.5,2.384291725,2271.0,875,17,603859
000756.SZ,新华制药,16.9,-0.995899238,2266.5,876,33,000756
300760.SZ,迈瑞医疗,231.2,-2.840813582,2264.0,877,33,300760
600050.SH,中国联通,5.36,-1.10701107,2261.0,878,17,600050
003816.SZ,中国广核,3.68,-2.645502646,2260.5,879,33,003816
603936.SH,博敏电子,10.45,0,2259.0,880,17,603936
002040.SZ,南京港,9.49,-3.360488798,2256.5,881,33,002040
603366.SH,日出东方,9.52,-1.244813278,2253.5,882,17,603366
300283.SZ,温州宏丰,7.3,0.550964187,2249.5,883,33,300283
300485.SZ,赛升药业,15.11,0.800533689,2242.0,884,33,300485
605255.SH,天普股份,25.32,-1.286549708,2240.5,885,17,605255
300792.SZ,壹网壹创,25.37,2.587949858,2240.0,886,33,300792
300276.SZ,三丰智能,10.17,0.792864222,2239.5,887,33,300276
600372.SH,中航机载,12.55,-1.336477987,2239.0,888,17,600372
002891.SZ,中宠股份,56.8,1.175632348,2229.5,889,33,002891
000823.SZ,超声电子,12.99,0.619674671,2228.0,890,33,000823
300520.SZ,科大国创,24.94,1.62999185,2225.0,891,33,300520
002426.SZ,胜利精密,3.08,-2.839116719,2220.0,892,33,002426
605167.SH,利柏特,10.74,-1.286764706,2214.5,893,17,605167
301123.SZ,奕东电子,26.79,2.212895841,2204.0,894,33,301123
600468.SH,百利电气,6.47,-1.522070015,2201.5,895,17,600468
000792.SZ,盐湖股份,18.03,-3.582887701,2200.5,897,33,000792
600556.SH,天下秀,5.09,-0.5859375,2200.5,896,17,600556
300654.SZ,世纪天鸿,11.37,1.066666667,2187.5,898,33,300654
301176.SZ,逸豪新材,31.7,-5.203349282,2183.0,899,33,301176
603636.SH,南威软件,13.42,-1.540719002,2180.5,900,17,603636
002864.SZ,盘龙药业,31.13,1.071428571,2180.0,901,33,002864
002596.SZ,海南瑞泽,3.93,-2.962962963,2177.5,902,33,002596
600118.SH,中国卫星,28.91,-0.823327616,2176.5,903,17,600118
301128.SZ,强瑞技术,57.3,1.848560256,2173.5,905,33,301128
601336.SH,新华保险,66.77,-2.168498168,2173.5,904,17,601336
301252.SZ,同星科技,28.15,4.919865822,2173.0,907,33,301252
832802.BJ,保丽洁,18.65,1.745771959,2173.0,906,151,832802
603605.SH,珀莱雅,81.99,-2.218246869,2172.5,908,17,603605
000888.SZ,峨眉山A,14.2,-2.806297057,2167.0,910,33,000888
301248.SZ,杰创智能,24.32,2.313840976,2167.0,909,33,301248
601022.SH,宁波远洋,9.5,-4.137235116,2166.0,911,17,601022
600114.SH,东睦股份,23.99,-0.703642384,2165.5,912,17,600114
002765.SZ,蓝黛科技,12.55,0.560897436,2165.0,913,33,002765
300238.SZ,冠昊生物,17.4,1.162790698,2162.0,914,33,300238
300790.SZ,宇瞳光学,22.63,3.004096495,2160.0,915,33,300790
600938.SH,中国海油,26.16,-1.245753114,2155.5,916,17,600938
603086.SH,先达股份,9.35,-3.50877193,2152.5,917,17,603086
002120.SZ,韵达股份,7.6,-4.161412358,2152.0,918,33,002120
002063.SZ,远光软件,6.25,0.644122383,2150.0,919,33,002063
002269.SZ,美邦服饰,1.88,-3.092783505,2147.0,920,33,002269
000559.SZ,万向钱潮,7.55,-1.307189542,2144.0,921,33,000559
002857.SZ,三晖电气,27.13,-8.591644205,2143.5,924,33,002857
301276.SZ,嘉曼服饰,24.96,6.986712387,2143.5,923,33,301276
603579.SH,荣泰健康,31.19,-2.164366374,2143.5,922,17,603579
600446.SH,金证股份,19.02,-2.710997442,2141.5,925,17,600446
300157.SZ,新锦动力,4.97,-4.789272031,2140.5,926,33,300157
300602.SZ,飞荣达,23.57,1.245704467,2139.0,927,33,300602
003021.SZ,兆威机电,112.55,0.303003297,2138.5,928,33,003021
002518.SZ,科士达,23.17,0.914634146,2137.5,929,33,002518
300913.SZ,兆龙互连,48.52,-1.221498371,2136.0,930,33,300913
600731.SH,湖南海利,7.65,-1.670951157,2135.0,931,17,600731
000560.SZ,我爱我家,2.98,-4.180064309,2130.0,932,33,000560
300377.SZ,赢时胜,24.36,-1.256586948,2128.0,933,33,300377
003001.SZ,中岩大地,30.25,0.198741305,2124.0,934,33,003001
300075.SZ,数字政通,17.55,1.211072664,2118.5,935,33,300075
000576.SZ,甘化科工,11.43,0.35118525,2117.0,937,33,000576
688244.SH,永信至诚,27.12,7.875894988,2117.0,936,17,688244
000425.SZ,徐工机械,8.38,-2.558139535,2116.0,939,33,000425
603379.SH,三美股份,47.91,3.499675956,2116.0,938,17,603379
002369.SZ,卓翼科技,8.82,0.341296928,2115.5,940,33,002369
600095.SH,湘财股份,10.88,-2.508960573,2113.5,941,17,600095
600841.SH,动力新科,6.61,0.916030534,2110.0,942,17,600841
603109.SH,神驰机电,35.38,-1.585535466,2107.0,943,17,603109
002122.SZ,汇洲智能,3.93,-1.503759398,2103.5,944,33,002122
300907.SZ,康平科技,33.49,1.392673327,2103.0,946,33,300907
601633.SH,长城汽车,21.63,-2.215189873,2103.0,945,17,601633
002933.SZ,新兴装备,36.68,1.494189264,2101.0,947,33,002933
002717.SZ,ST岭南,1.71,-1.156069364,2099.0,948,33,002717
300434.SZ,金石亚药,11.29,-2.672413793,2098.0,949,33,300434
601989.SH,中国重工,4.68,-1.886792453,2091.0,950,17,601989
300505.SZ,川金诺,20.79,0.09629273,2083.5,951,33,300505
688183.SH,生益电子,53.17,6.106565556,2083.0,952,17,688183
002177.SZ,御银股份,6.35,-2.00617284,2080.0,953,33,002177
300687.SZ,赛意信息,30.41,1.468134801,2076.0,954,33,300687
003029.SZ,吉大正元,26.28,-1.573033708,2073.0,955,33,003029
301158.SZ,德石股份,18.68,2.580999451,2069.5,956,33,301158
300821.SZ,东岳硅材,9.76,-5.882352941,2067.5,957,33,300821
002617.SZ,露笑科技,7.49,-1.187335092,2066.5,958,33,002617
002681.SZ,奋达科技,6.55,-0.606980273,2065.5,959,33,002681
002223.SZ,鱼跃医疗,34.88,-1.774148127,2062.0,960,33,002223
300002.SZ,神州泰岳,12.63,-2.846153846,2061.0,961,33,300002
603332.SH,苏州龙杰,14.04,-4.163822526,2060.5,962,17,603332
300757.SZ,罗博特科,180.69,2.061680976,2057.0,964,33,300757
688511.SH,*ST天微,23.79,15.541525012,2057.0,963,22,688511
600825.SH,新华传媒,7.2,-1.907356948,2054.5,965,17,600825
600751.SH,海航科技,3.83,-1.033591731,2053.5,966,17,600751
300655.SZ,晶瑞电材,10.5,-3.492647059,2053.0,967,33,300655
600728.SH,佳都科技,5.73,0.526315789,2049.5,968,17,600728
002673.SZ,西部证券,8.38,-1.527614571,2046.0,969,33,002673
600754.SH,锦江酒店,22.59,-1.224311325,2044.0,971,17,600754
835174.BJ,五新隧装,64.67,-7.190011481,2044.0,970,151,835174
300558.SZ,贝达药业,64.56,1.685304772,2043.0,973,33,300558
600593.SH,大连圣亚,31.94,-2.324159021,2043.0,972,17,600593
603339.SH,四方科技,12.91,1.894238358,2042.5,974,17,603339
000031.SZ,大悦城,3.02,-3.821656051,2039.0,975,33,000031
300145.SZ,南方泵业,3.82,0.526315789,2038.5,976,33,300145
002688.SZ,金河生物,6.93,-4.016620499,2038.0,977,33,002688
603369.SH,今世缘,39.29,-1.897627965,2029.0,978,17,603369
002862.SZ,实丰文化,18.62,1.195652174,2026.0,979,33,002862
300660.SZ,江苏雷利,46.19,1.072210066,2025.0,980,33,300660
002876.SZ,三利谱,26.86,2.754399388,2024.5,981,33,002876
300369.SZ,绿盟科技,7.98,1.915708812,2020.0,982,33,300369
000876.SZ,新希望,9.62,-2.532928065,2012.5,984,33,000876
600590.SH,泰豪科技,9.43,-0.841219769,2012.5,983,17,600590
603081.SH,大丰实业,12.68,-1.476301476,2011.5,985,17,603081
000524.SZ,岭南控股,12.3,-2.070063694,2008.5,986,33,000524
000400.SZ,许继电气,22.71,-0.525624179,2004.0,987,33,000400
002045.SZ,国光电器,15.39,-2.533248892,1997.0,988,33,002045
600506.SH,统一股份,19.62,1.134020619,1996.5,989,17,600506
872808.BJ,曙光数创,59.63,3.219664186,1993.0,990,151,872808
002055.SZ,得润电子,7.24,-2.029769959,1992.0,992,33,002055
002942.SZ,新农股份,18.34,-4.179728318,1992.0,991,33,002942
300873.SZ,海晨股份,22,3.969754253,1991.5,993,33,300873
300383.SZ,光环新网,14.56,0,1990.0,994,33,300383
002984.SZ,森麒麟,19.18,-1.235839341,1988.0,995,33,002984
000691.SZ,*ST亚太,6.35,4.958677686,1987.5,997,33,000691
000970.SZ,中科三环,13.22,-1.636904762,1987.5,996,33,000970
002245.SZ,蔚蓝锂芯,14.44,-0.960219479,1986.0,998,33,002245
300878.SZ,维康药业,21.35,-2.109124255,1981.0,999,33,300878
603031.SH,安孚科技,27.75,2.930267062,1979.5,1000,17,603031
